"source_id","name","url","source_type","access_method","auth_required","tested","test_result","useful_fields","categories_served","signal_type","reliability","rate_limits","terms_notes","historical_depth","recommendation","limitations","date_accessed"
"nsf-awards-api","NSF Awards API","https://api.nsf.gov/services/v1/awards.json","federal_award","public_rest_api","no","yes","HTTP 200; ~116 filtered records retrieved across 39 keywords; zero failures","id;title;abstractText;awardeeName;awardeeCity;awardeeStateCode;date;startDate;estimatedTotalAmt;fundProgramName;piFirstName;piLastName","1,2,3,4,5,6,7,8","company_discovery;research_discovery;commercialization_intent","high","none encountered; self-throttled 0.1s","US federal open data","decades","Core automated source","NSF only - misses NIH, DOE, DOD, NOAA, USDA SBIR. Keyword search hits abstracts so precision is ~20-28%; needs downstream classification.","2026-08-21"
"usaspending-api","USAspending API","https://api.usaspending.gov/api/v2/search/spending_by_award/","federal_award","public_rest_api_post","no","yes","HTTP 200; returned detailed contract records across 7 ocean keyword queries","Award ID;Recipient Name;Award Amount;Awarding Agency;Awarding Sub Agency;Description;Start Date","1,2,3,5,7","demand_signal;incumbent_mapping","high","none encountered","US federal open data","decades","Core automated source (demand-side)","Returns procurement and services contracts, not startups. Use to evidence customer budgets and map incumbents, NOT to discover companies.","2026-08-21"
"sbir-gov-api","SBIR.gov API","https://api.www.sbir.gov/public/api/awards","federal_award","public_rest_api","no","yes","HTTP 403 Forbidden on all endpoint variants, with and without browser User-Agent; legacy path 404","n/a - blocked","1,2,3,4,5,6,7","company_discovery","n/a","n/a","Blocked server-side; robots.txt reviewed; no bypass attempted","n/a","Not usable - substitute NSF API + USAspending","Would have been the ideal cross-agency SBIR source. Its absence makes the Phase 1 lead set NSF-biased and under-represents Navy/NOAA/DOE dual-use recipients.","2026-08-21"
"arpa-e","ARPA-E program and project pages","https://arpa-e.energy.gov/","federal_award","public_html","no","yes","HTTP 403 Forbidden via both WebFetch and curl with browser User-Agent","project title;lead organization;award amount;description","2,3,4","company_discovery;research_discovery","n/a","n/a","Blocked to automated requests; no bypass attempted","n/a","Manual diligence source only","SEA-CO2 program is highly relevant (36M USD, 11 projects, mCDR MRV). Awardee data recoverable via DOE press releases and secondary sources.","2026-08-21"
"patentsview","PatentsView API","https://search.patentsview.org/api/v1/patent/","patent","public_rest_api","yes - free key","yes","Empty response without API key","patent_id;patent_title;patent_date;assignee;inventor","1,2,3,4,5,7","ip_evidence","unknown","unknown","Free registration required","decades","Deferred to Phase 2 - register key","Real gap. Patents are core evidence; ARMADA lead is anchored on two patents sourced from press rather than a patent database. Highest-value query: assignee = university.","2026-08-21"
"uspto-odp","USPTO Open Data Portal API","https://api.uspto.gov/api/v1/patent/applications/search","patent","public_rest_api","yes","yes","HTTP 401 Unauthorized","application data","1,2,3,4,5,7","ip_evidence","unknown","unknown","Free key required","decades","Deferred to Phase 2","Alternative or complement to PatentsView.","2026-08-21"
"openalex","OpenAlex API","https://api.openalex.org/works","publication","public_rest_api","no","yes","HTTP 200; 61,818 works for 'ocean alkalinity enhancement' in 85ms","title;doi;authorships;institutions;publication_date;concepts;cited_by_count;open_access","1,2,3,4,5,6,7","research_discovery;researcher_corroboration","high","polite pool via mailto parameter","Open data (CC0)","very deep","Supplemental automated source","Publication volume is NOT commercialization intent. Use to corroborate candidates surfaced by commercialization signals, never as a primary discovery channel.","2026-08-21"
"arxiv","arXiv API","https://export.arxiv.org/api/query","publication","public_atom_api","no","yes","HTTP 200 with valid Atom - HTTPS required, HTTP endpoint returned nothing","title;authors;abstract;published;categories","1,2,8","research_discovery","high","documented courtesy limits","arXiv API terms of use","deep","Supplemental automated source","Near-useless for categories 4, 5, 7 - ocean chemistry, materials and aquaculture publish in journals, not preprints.","2026-08-21"
"grants-gov","Grants.gov Search2 API","https://api.grants.gov/v1/api/search2","funding_opportunity","public_rest_api_post","no","yes","HTTP 200; hitCount 43 for keyword 'ocean' with forecasted|posted statuses","opportunity number;title;agency;close date;status","1,2,3,4,5,6,7,8","funding_tailwind","high","none encountered","US federal open data","current + forecast","Supplemental automated source","Forecasted opportunities are a 6-18 month leading indicator of where federal money will flow. Thesis input, not company discovery.","2026-08-21"
"sec-edgar-fts","SEC EDGAR full-text search","https://efts.sec.gov/LATEST/search-index","sec_filing","public_json_api","no","yes","HTTP 200 with descriptive User-Agent; dateRange=custom returns 500, startdt/enddt work","company name;CIK;form type;file date;file number","all","funding_confirmation;formation_confirmation","medium","SEC requires descriptive User-Agent with contact","SEC access policy","2001+","Supplemental / manual - confirmation not discovery","Indexed Form D content is primary_doc.xml (name, address, SIC, offering amount) with no technology description, so keyword discovery by technology does not work. Use to verify a known candidate's financing.","2026-08-21"
"propeller-site","Propeller website, blog and sitemap","https://propellervc.com/","company_site","public_html_xml","no","yes","HTTP 200; sitemap.xml enumerated 61 URLs; /team returns 404 and is absent from sitemap","themes;stage;check size;portfolio;process;blog posts with authors and dates","all","firm_intelligence;thesis_drift","high","none encountered","robots.txt disallows only HubSpot preview/preference paths","2022-present","Core source for firm intelligence","The /team page 404s. Two most recent posts (ocean compute 2026-07-28; coastal heat adaptation 2026-08-13) are the clearest current statements of interest.","2026-08-21"
"uri-news","University of Rhode Island news","https://www.uri.edu/news/","university_news","public_html","no","yes","HTTP 200; detailed dated items naming companies, founders and licensed technologies","company name;founders;licensed technologies;investor;date","1,2,3","spinout_discovery;license_evidence","high","none encountered","standard web","current","Supplemental automated source","Highest-yield university news source found. Surfaced Juice Robotics and the ONR RISE-UP expansion.","2026-08-21"
"ucsd-today","UC San Diego Today / Chancellor's Innovation Awards","https://today.ucsd.edu/","university_news","public_html","no","yes","HTTP 200; 2026 Chancellor's Innovation Awards finalists listed with founders and technology","venture name;founder;lab;technology;department","2,4,5,6","spinout_discovery","high","none encountered","standard web","current","Supplemental automated source","Surfaced Hybrid Reefs (Scripps).","2026-08-21"
"startblue","StartBlue Ocean Enterprise Accelerator","https://startblue.ucsd.edu/impact/","accelerator_page","public_html","no","yes","HTTP 200; cohort ventures enumerated by cohort number","venture names;founders;cohort;testimonials","2,3,4,5,6","early_company_discovery","medium","none encountered","standard web","2021-present","Supplemental automated source","No-cost/no-equity Scripps + Rady accelerator. Named ventures include Hybrid Reefs, Ocean Motion Technologies, Del Mar Oceanographic, AquaPoro, Greenwater Scientific, Kai Pono Solutions, CalWave.","2026-08-21"
"whoi-press","WHOI press room","https://www.whoi.edu/press-room/","press_release","public_html","no","yes","HTTP 200; license and spinout announcements available","spinout name;founders;patents;license terms;date","1,2,3,4","spinout_discovery;license_evidence","high","none encountered","standard web","current + archive","Supplemental automated source","Surfaced ARMADA Marine Robotics licenses. Propeller's founding partner institution.","2026-08-21"
"whoi-techtransfer","WHOI Technology Transfer","https://techtransfer.whoi.edu/","university_tto","public_html","n/a","yes","HTTP 302 redirect to https://intranet.whoi.edu/inventors which failed to connect (HTTP 000)","n/a - no longer public","1,2,3,4","license_evidence","n/a","n/a","Moved behind intranet","n/a","Manual diligence source only - regression","Previously public available-technology listings are no longer reachable. Licensing news must now be caught via whoi.edu press releases and trade press.","2026-08-21"
"uw-comotion","UW CoMotion (tech transfer)","https://tco.uw.edu/","university_tto","public_html","n/a","yes","Connection failed (HTTP 000) on 2026-08-21","unknown","1,2,4","license_evidence","unknown","unknown","unknown","unknown","Retry in Phase 2","UW is the origin of Propeller portfolio company Banyu Carbon.","2026-08-21"
"osu-tec","Oregon State Technology Entrepreneurship / commercialization","https://tec.oregonstate.edu/","university_tto","public_html","n/a","yes","Connection failed (HTTP 000) on 2026-08-21","unknown","1,3","license_evidence","unknown","unknown","unknown","unknown","Retry in Phase 2","OSU is a Propeller partner; news.oregonstate.edu and pacwaveenergy.org are reachable alternatives.","2026-08-21"
"sea-ahead","SeaAhead / BlueSwell","https://www.sea-ahead.com/","accelerator_page","public_html","no","partially","Reachable; cohort and news posts available","company names;cohort;program theme","2,4,5,6","early_company_discovery","medium","none encountered","standard web","current","Manual diligence source","Boston-based, same city as Propeller. Alumnus atdepth MRV won ARPA-E 2.52M USD. 2026 Pilot program theme is Coastal Resilience and Coastal Asset Protection.","2026-08-21"
"ieee-oceans","OCEANS (MTS/IEEE) proceedings","https://ieeexplore.ieee.org/","conference_paper","public_html_partial","partial - some paywalled","no","not tested in Phase 1","paper title;authors;affiliations;abstract","1,2,3","research_discovery;team_discovery","medium","none encountered","IEEE terms; many full texts paywalled","decades","Manual diligence source","Primary ocean engineering technical conference. Author affiliations reveal pre-company technical teams. Labour-intensive; not recommended for automation.","2026-08-21"
